SMILES,Formula,Exact_MW,MOL
SMILES,NaN,NaN,None
OC(=O)c1ccc(O)cc1,C7H6O3,138.031694052," 10 10  0  0  0  0  0  0  0  0999 V2000
    3.7500   -1.2990    0.0000 O   0  0  0  0  0  0  0  0  0  0  0  0
    3.0000    0.0000    0.0000 C   0  0  0  0  0  0  0  0  0  0  0  0
    3.7500    1.2990    0.0000 O   0  0  0  0  0  0  0  0  0  0  0  0
    1.5000    0.0000    0.0000 C   0  0  0  0  0  0  0  0  0  0  0  0
    0.7500   -1.2990    0.0000 C   0  0  0  0  0  0  0  0  0  0  0  0
   -0.7500   -1.2990    0.0000 C   0  0  0  0  0  0  0  0  0  0  0  0
   -1.5000    0.0000    0.0000 C   0  0  0  0  0  0  0  0  0  0  0  0
   -3.0000    0.0000    0.0000 O   0  0  0  0  0  0  0  0  0  0  0  0
   -0.7500    1.2990    0.0000 C   0  0  0  0  0  0  0  0  0  0  0  0
    0.7500    1.2990    0.0000 C   0  0  0  0  0  0  0  0  0  0  0  0
  1  2  1  0
  2  3  2  0
  2  4  1  0
  4  5  2  0
  5  6  1  0
  6  7  2  0
  7  8  1  0
  7  9  1  0
  9 10  2  0
 10  4  1  0
M  END"
CCCC(=O)OC\C=C(C)/CCC=C(C)C,C14H24O2,224.177630008," 16 15  0  0  0  0  0  0  0  0999 V2000
   -6.7500   -3.8971    0.0000 C   0  0  0  0  0  0  0  0  0  0  0  0
   -5.2500   -3.8971    0.0000 C   0  0  0  0  0  0  0  0  0  0  0  0
   -4.5000   -2.5981    0.0000 C   0  0  0  0  0  0  0  0  0  0  0  0
   -3.0000   -2.5981    0.0000 C   0  0  0  0  0  0  0  0  0  0  0  0
   -2.2500   -3.8971    0.0000 O   0  0  0  0  0  0  0  0  0  0  0  0
   -2.2500   -1.2990    0.0000 O   0  0  0  0  0  0  0  0  0  0  0  0
   -0.7500   -1.2990    0.0000 C   0  0  0  0  0  0  0  0  0  0  0  0
    0.0000    0.0000    0.0000 C   0  0  0  0  0  0  0  0  0  0  0  0
    1.5000    0.0000    0.0000 C   0  0  0  0  0  0  0  0  0  0  0  0
    2.2500    1.2990    0.0000 C   0  0  0  0  0  0  0  0  0  0  0  0
    2.2500   -1.2990    0.0000 C   0  0  0  0  0  0  0  0  0  0  0  0
    3.7500   -1.2990    0.0000 C   0  0  0  0  0  0  0  0  0  0  0  0
    4.5000   -2.5981    0.0000 C   0  0  0  0  0  0  0  0  0  0  0  0
    6.0000   -2.5981    0.0000 C   0  0  0  0  0  0  0  0  0  0  0  0
    6.7500   -3.8971    0.0000 C   0  0  0  0  0  0  0  0  0  0  0  0
    6.7500   -1.2990    0.0000 C   0  0  0  0  0  0  0  0  0  0  0  0
  1  2  1  0
  2  3  1  0
  3  4  1  0
  4  5  2  0
  4  6  1  0
  6  7  1  0
  7  8  1  0
  8  9  2  0
  9 10  1  0
  9 11  1  0
 11 12  1  0
 12 13  1  0
 13 14  2  0
 14 15  1  0
 14 16  1  0
M  END"
CC(=O)c1ccc(O)cc1,C8H8O2,136.052429496," 10 10  0  0  0  0  0  0  0  0999 V2000
    3.7500   -1.2990    0.0000 C   0  0  0  0  0  0  0  0  0  0  0  0
    3.0000    0.0000    0.0000 C   0  0  0  0  0  0  0  0  0  0  0  0
    3.7500    1.2990    0.0000 O   0  0  0  0  0  0  0  0  0  0  0  0
    1.5000    0.0000    0.0000 C   0  0  0  0  0  0  0  0  0  0  0  0
    0.7500   -1.2990    0.0000 C   0  0  0  0  0  0  0  0  0  0  0  0
   -0.7500   -1.2990    0.0000 C   0  0  0  0  0  0  0  0  0  0  0  0
   -1.5000    0.0000    0.0000 C   0  0  0  0  0  0  0  0  0  0  0  0
   -3.0000    0.0000    0.0000 O   0  0  0  0  0  0  0  0  0  0  0  0
   -0.7500    1.2990    0.0000 C   0  0  0  0  0  0  0  0  0  0  0  0
    0.7500    1.2990    0.0000 C   0  0  0  0  0  0  0  0  0  0  0  0
  1  2  1  0
  2  3  2  0
  2  4  1  0
  4  5  2  0
  5  6  1  0
  6  7  2  0
  7  8  1  0
  7  9  1  0
  9 10  2  0
 10  4  1  0
M  END"
,NaN,NaN,None
CC(C)c1ccc(C)cc1,C10H14,134.109550448," 10 10  0  0  0  0  0  0  0  0999 V2000
    3.7500   -1.2990    0.0000 C   0  0  0  0  0  0  0  0  0  0  0  0
    3.0000    0.0000    0.0000 C   0  0  0  0  0  0  0  0  0  0  0  0
    3.7500    1.2990    0.0000 C   0  0  0  0  0  0  0  0  0  0  0  0
    1.5000    0.0000    0.0000 C   0  0  0  0  0  0  0  0  0  0  0  0
    0.7500   -1.2990    0.0000 C   0  0  0  0  0  0  0  0  0  0  0  0
   -0.7500   -1.2990    0.0000 C   0  0  0  0  0  0  0  0  0  0  0  0
   -1.5000    0.0000    0.0000 C   0  0  0  0  0  0  0  0  0  0  0  0
   -3.0000    0.0000    0.0000 C   0  0  0  0  0  0  0  0  0  0  0  0
   -0.7500    1.2990    0.0000 C   0  0  0  0  0  0  0  0  0  0  0  0
    0.7500    1.2990    0.0000 C   0  0  0  0  0  0  0  0  0  0  0  0
  1  2  1  0
  2  3  1  0
  2  4  1  0
  4  5  2  0
  5  6  1  0
  6  7  2  0
  7  8  1  0
  7  9  1  0
  9 10  2  0
 10  4  1  0
M  END"
CC(C)C1=CC=C(C)CC1,C10H16,136.125200512," 10 10  0  0  0  0  0  0  0  0999 V2000
    3.7500   -1.2990    0.0000 C   0  0  0  0  0  0  0  0  0  0  0  0
    3.0000    0.0000    0.0000 C   0  0  0  0  0  0  0  0  0  0  0  0
    3.7500    1.2990    0.0000 C   0  0  0  0  0  0  0  0  0  0  0  0
    1.5000    0.0000    0.0000 C   0  0  0  0  0  0  0  0  0  0  0  0
    0.7500   -1.2990    0.0000 C   0  0  0  0  0  0  0  0  0  0  0  0
   -0.7500   -1.2990    0.0000 C   0  0  0  0  0  0  0  0  0  0  0  0
   -1.5000    0.0000    0.0000 C   0  0  0  0  0  0  0  0  0  0  0  0
   -3.0000    0.0000    0.0000 C   0  0  0  0  0  0  0  0  0  0  0  0
   -0.7500    1.2990    0.0000 C   0  0  0  0  0  0  0  0  0  0  0  0
    0.7500    1.2990    0.0000 C   0  0  0  0  0  0  0  0  0  0  0  0
  1  2  1  0
  2  3  1  0
  2  4  1  0
  4  5  2  0
  5  6  1  0
  6  7  2  0
  7  8  1  0
  7  9  1  0
  9 10  1  0
 10  4  1  0
M  END"
CC(C)C1=CCC(=CC1)C,C10H16,136.125200512," 10 10  0  0  0  0  0  0  0  0999 V2000
    3.7500   -1.2990    0.0000 C   0  0  0  0  0  0  0  0  0  0  0  0
    3.0000    0.0000    0.0000 C   0  0  0  0  0  0  0  0  0  0  0  0
    3.7500    1.2990    0.0000 C   0  0  0  0  0  0  0  0  0  0  0  0
    1.5000    0.0000    0.0000 C   0  0  0  0  0  0  0  0  0  0  0  0
    0.7500   -1.2990    0.0000 C   0  0  0  0  0  0  0  0  0  0  0  0
   -0.7500   -1.2990    0.0000 C   0  0  0  0  0  0  0  0  0  0  0  0
   -1.5000    0.0000    0.0000 C   0  0  0  0  0  0  0  0  0  0  0  0
   -0.7500    1.2990    0.0000 C   0  0  0  0  0  0  0  0  0  0  0  0
    0.7500    1.2990    0.0000 C   0  0  0  0  0  0  0  0  0  0  0  0
   -3.0000    0.0000    0.0000 C   0  0  0  0  0  0  0  0  0  0  0  0
  1  2  1  0
  2  3  1  0
  2  4  1  0
  4  5  2  0
  5  6  1  0
  6  7  1  0
  7  8  2  0
  8  9  1  0
  7 10  1  0
  9  4  1  0
M  END"
,NaN,NaN,None
,NaN,NaN,None
